Student,Math,English,Science,Average
Alice,78,85,90,84.33333333333333
Bob,65,70,72,69.0
Carol,92,88,95,91.66666666666667
David,55,60,58,57.666666666666664
Eve,81,79,84,81.33333333333333
